{"count":1,"gauges":{},"self":45.315222399999996,"total":45.329228099999995,"children":{"AgentSendState":{"count":46,"self":0.0020001999999999997,"total":0.0020001999999999997,"children":{"CollectObservations":{"count":45,"self":0,"total":0,"children":null}}},"DecideAction":{"count":46,"self":0,"total":0,"children":null},"AgentAct":{"count":46,"self":0.0110046,"total":0.0110046,"children":null}}}